pick_id,predicted_at_utc,data_through,model,freeze_commit,event_id,event,event_date,division,rounds,fighter_a,fighter_b,espn_name_a,espn_name_b,matched_a,matched_b,ufc_bouts_a,ufc_bouts_b,rating_a,rating_b,p_a,pick,p_pick,confidence,provisional,p_a_classic,pick_classic,p_a_real,pick_real,status,winner,method,result_date,bout_url,correct,log_loss,brier,graded_at_utc,note,p_a_v11,pick_v11,v11_locked_at_utc,first_listed_matches
600061541:401924511,2026-10-05T21:29:43Z,2026-10-03,performance-adjusted Elo v1.0 (tuned_params),1d20d6ff437794127ddcde0868c28e3d7efb3f5a,600061541,UFC Fight Night: Allen vs. Duncan,2026-10-10,Women's Flyweight,3,Ernesta Kareckaite,Melissa Gatto,Ernesta Kareckaite,Melissa Gatto,True,True,3,6,1498.7,1559.8,0.413,Melissa Gatto,0.587,55%-60%,True,0.4189,Melissa Gatto,,,pending,,,,,,,,,,0.5525,Ernesta Kareckaite,2026-10-05T21:46:54Z,
600061541:401924512,2026-10-05T21:29:43Z,2026-10-03,performance-adjusted Elo v1.0 (tuned_params),1d20d6ff437794127ddcde0868c28e3d7efb3f5a,600061541,UFC Fight Night: Allen vs. Duncan,2026-10-10,Women's Bantamweight,3,Alice Pereira,Daria Zhelezniakova,Alice Pereira,Daria Zhelezniakova,True,True,2,4,1487.9,1512.1,0.4653,Daria Zhelezniakova,0.5347,50%-55%,True,0.494,Daria Zhelezniakova,0.5721,Alice Pereira,pending,,,,,,,,,,0.6986,Alice Pereira,2026-10-05T21:46:54Z,
600061541:401927418,2026-10-05T21:29:43Z,2026-10-03,performance-adjusted Elo v1.0 (tuned_params),1d20d6ff437794127ddcde0868c28e3d7efb3f5a,600061541,UFC Fight Night: Allen vs. Duncan,2026-10-10,Heavyweight,3,Allen Frye Jr.,RJ Harris,Allen Frye Jr.,RJ Harris,True,True,1,1,1457.1,1575.6,0.3358,RJ Harris,0.6642,65%-70%,True,0.3799,RJ Harris,0.4157,RJ Harris,pending,,,,,,,,,,0.4051,RJ Harris,2026-10-05T21:46:54Z,
600061541:401927420,2026-10-05T21:29:43Z,2026-10-03,performance-adjusted Elo v1.0 (tuned_params),1d20d6ff437794127ddcde0868c28e3d7efb3f5a,600061541,UFC Fight Night: Allen vs. Duncan,2026-10-10,Light Heavyweight,3,Felipe Franco,Brendson Ribeiro,Felipe Franco,Brendson Ribeiro,True,True,2,8,1576.2,1416.8,0.7146,Felipe Franco,0.7146,70%+,True,0.6443,Felipe Franco,0.8334,Felipe Franco,pending,,,,,,,,,,0.8206,Felipe Franco,2026-10-05T21:46:54Z,
600061541:401927419,2026-10-05T21:29:43Z,2026-10-03,performance-adjusted Elo v1.0 (tuned_params),1d20d6ff437794127ddcde0868c28e3d7efb3f5a,600061541,UFC Fight Night: Allen vs. Duncan,2026-10-10,Welterweight,3,Niko Price,Leon Shahbazyan,Niko Price,Leon Shahbazyan,True,True,21,1,1426.2,1402.5,0.534,Niko Price,0.534,50%-55%,True,0.5083,Niko Price,,,pending,,,,,,,,,,0.4108,Leon Shahbazyan,2026-10-05T21:46:54Z,
600061541:401916277,2026-10-05T21:29:43Z,2026-10-03,performance-adjusted Elo v1.0 (tuned_params),1d20d6ff437794127ddcde0868c28e3d7efb3f5a,600061541,UFC Fight Night: Allen vs. Duncan,2026-10-10,Lightweight,3,Francisco Prado,Ismael Bonfim,Francisco Prado,Ismael Bonfim,True,True,6,6,1504.8,1463.3,0.5594,Francisco Prado,0.5594,55%-60%,False,0.402,Ismael Bonfim,,,pending,,,,,,,,,,0.7647,Francisco Prado,2026-10-05T21:46:54Z,
600061541:401927421,2026-10-05T21:29:43Z,2026-10-03,performance-adjusted Elo v1.0 (tuned_params),1d20d6ff437794127ddcde0868c28e3d7efb3f5a,600061541,UFC Fight Night: Allen vs. Duncan,2026-10-10,Bantamweight,3,Malcolm Wellmaker,Otari Tanzilovi,Malcolm Wellmaker,Otari Tanzilovi,True,True,4,1,1488.0,1472.5,0.5224,Malcolm Wellmaker,0.5224,50%-55%,True,0.5325,Malcolm Wellmaker,,,pending,,,,,,,,,,0.4691,Otari Tanzilovi,2026-10-05T21:46:54Z,
600061541:401927417,2026-10-05T21:29:43Z,2026-10-03,performance-adjusted Elo v1.0 (tuned_params),1d20d6ff437794127ddcde0868c28e3d7efb3f5a,600061541,UFC Fight Night: Allen vs. Duncan,2026-10-10,Light Heavyweight,3,Julius Walker,Gerald Meerschaert,Julius Walker,Gerald Meerschaert,True,True,4,26,1429.8,1448.7,0.4729,Gerald Meerschaert,0.5271,50%-55%,False,0.4853,Gerald Meerschaert,,,pending,,,,,,,,,,0.7602,Julius Walker,2026-10-05T21:46:54Z,
600061541:401927416,2026-10-05T21:29:43Z,2026-10-03,performance-adjusted Elo v1.0 (tuned_params),1d20d6ff437794127ddcde0868c28e3d7efb3f5a,600061541,UFC Fight Night: Allen vs. Duncan,2026-10-10,Featherweight,3,Andre Fili,Kai Kamaka III,Andre Fili,Kai Kamaka III,True,True,27,2,1479.9,1430.2,0.5711,Andre Fili,0.5711,55%-60%,True,0.5281,Andre Fili,,,pending,,,,,,,,,,0.5173,Andre Fili,2026-10-05T21:46:54Z,
600061541:401924510,2026-10-05T21:29:43Z,2026-10-03,performance-adjusted Elo v1.0 (tuned_params),1d20d6ff437794127ddcde0868c28e3d7efb3f5a,600061541,UFC Fight Night: Allen vs. Duncan,2026-10-10,Women's Strawweight,3,Loopy Godinez,Ketlen Souza,Loopy Godínez,Ketlen Souza,True,True,15,7,1627.8,1531.5,0.6352,Loopy Godinez,0.6352,60%-65%,False,0.567,Loopy Godinez,0.6071,Loopy Godinez,pending,,,,,,,,,,0.6184,Loopy Godinez,2026-10-05T21:46:54Z,
600061541:401927415,2026-10-05T21:29:43Z,2026-10-03,performance-adjusted Elo v1.0 (tuned_params),1d20d6ff437794127ddcde0868c28e3d7efb3f5a,600061541,UFC Fight Night: Allen vs. Duncan,2026-10-10,Lightweight,3,Matheus Camilo,Jai Herbert,Matheus Camilo,Jai Herbert,True,True,3,10,1584.2,1581.3,0.5041,Matheus Camilo,0.5041,50%-55%,True,0.5462,Matheus Camilo,0.5103,Matheus Camilo,pending,,,,,,,,,,0.7739,Matheus Camilo,2026-10-05T21:46:54Z,
600061541:401916276,2026-10-05T21:29:43Z,2026-10-03,performance-adjusted Elo v1.0 (tuned_params),1d20d6ff437794127ddcde0868c28e3d7efb3f5a,600061541,UFC Fight Night: Allen vs. Duncan,2026-10-10,Middleweight,5,Brendan Allen,Christian Leroy Duncan,Brendan Allen,Christian Leroy Duncan,True,True,19,10,1713.0,1760.7,0.4318,Christian Leroy Duncan,0.5682,55%-60%,False,0.6252,Brendan Allen,0.6232,Brendan Allen,pending,,,,,,,,,,0.4977,Christian Leroy Duncan,2026-10-05T21:46:54Z,
600060773:401919643,2026-10-05T21:29:43Z,2026-10-03,performance-adjusted Elo v1.0 (tuned_params),1d20d6ff437794127ddcde0868c28e3d7efb3f5a,600060773,UFC Fight Night: Buckley vs. Malott,2026-10-17,Bantamweight,3,Cody Chovancek,SuYoung You,Cody Chovancek,SuYoung You,False,True,0,4,1500.0,1509.7,0.486,SuYoung You,0.514,50%-55%,True,0.4069,SuYoung You,,,pending,,,,,,,,,name not in UFCStats history; treated as a debut at 1500,0.5867,Cody Chovancek,2026-10-05T21:46:54Z,
600060773:401908373,2026-10-05T21:29:43Z,2026-10-03,performance-adjusted Elo v1.0 (tuned_params),1d20d6ff437794127ddcde0868c28e3d7efb3f5a,600060773,UFC Fight Night: Buckley vs. Malott,2026-10-17,Women's Bantamweight,3,Melissa Croden,Chelsea Chandler,Melissa Croden,Chelsea Chandler,True,True,3,6,1630.0,1472.5,0.7124,Melissa Croden,0.7124,70%+,True,0.5969,Melissa Croden,0.6423,Melissa Croden,pending,,,,,,,,,,0.7275,Melissa Croden,2026-10-05T21:46:54Z,
600060773:401914039,2026-10-05T21:29:43Z,2026-10-03,performance-adjusted Elo v1.0 (tuned_params),1d20d6ff437794127ddcde0868c28e3d7efb3f5a,600060773,UFC Fight Night: Buckley vs. Malott,2026-10-17,Bantamweight,3,Chad Anheliger,Steven Koslow,Chad Anheliger,Steven Koslow,True,True,5,1,1464.0,1445.7,0.5263,Chad Anheliger,0.5263,50%-55%,True,0.493,Steven Koslow,,,pending,,,,,,,,,,0.3761,Steven Koslow,2026-10-05T21:46:54Z,
600060773:401908374,2026-10-05T21:29:43Z,2026-10-03,performance-adjusted Elo v1.0 (tuned_params),1d20d6ff437794127ddcde0868c28e3d7efb3f5a,600060773,UFC Fight Night: Buckley vs. Malott,2026-10-17,Women's Flyweight,3,Jamey-Lyn Horth,Katlyn Cerminara,Jamey-Lyn Horth,Katlyn Cerminara,True,True,7,17,1597.4,1605.4,0.4884,Katlyn Cerminara,0.5116,50%-55%,False,0.3776,Katlyn Cerminara,,,pending,,,,,,,,,,0.6651,Jamey-Lyn Horth,2026-10-05T21:46:54Z,
600060773:401916451,2026-10-05T21:29:43Z,2026-10-03,performance-adjusted Elo v1.0 (tuned_params),1d20d6ff437794127ddcde0868c28e3d7efb3f5a,600060773,UFC Fight Night: Buckley vs. Malott,2026-10-17,Heavyweight,3,Javad Mahjoub,Louie Sutherland,Javad Mahjoub,Louie Sutherland,False,True,0,4,1500.0,1444.1,0.5797,Javad Mahjoub,0.5797,55%-60%,True,0.5819,Javad Mahjoub,,,pending,,,,,,,,,name not in UFCStats history; treated as a debut at 1500,0.6226,Javad Mahjoub,2026-10-05T21:46:54Z,
600060773:401911807,2026-10-05T21:29:43Z,2026-10-03,performance-adjusted Elo v1.0 (tuned_params),1d20d6ff437794127ddcde0868c28e3d7efb3f5a,600060773,UFC Fight Night: Buckley vs. Malott,2026-10-17,Middleweight,3,Julien Leblanc,Nick Galanti,Julien LeBlanc,Nick Galanti,True,False,1,0,1387.5,1500.0,0.3435,Nick Galanti,0.6565,65%-70%,True,0.4167,Nick Galanti,,,pending,,,,,,,,,name not in UFCStats history; treated as a debut at 1500,0.4554,Nick Galanti,2026-10-05T21:46:54Z,
600060773:401908371,2026-10-05T21:29:43Z,2026-10-03,performance-adjusted Elo v1.0 (tuned_params),1d20d6ff437794127ddcde0868c28e3d7efb3f5a,600060773,UFC Fight Night: Buckley vs. Malott,2026-10-17,Heavyweight,3,Tanner Boser,Jhonata Diniz,Tanner Boser,Jhonata Diniz,True,True,11,5,1530.4,1460.6,0.599,Tanner Boser,0.599,55%-60%,False,0.4064,Jhonata Diniz,0.5298,Tanner Boser,pending,,,,,,,,,,0.6072,Tanner Boser,2026-10-05T21:46:54Z,
600060773:401905374,2026-10-05T21:29:43Z,2026-10-03,performance-adjusted Elo v1.0 (tuned_params),1d20d6ff437794127ddcde0868c28e3d7efb3f5a,600060773,UFC Fight Night: Buckley vs. Malott,2026-10-17,Lightweight,3,Mandel Nallo,Nate Landwehr,Mandel Nallo,Nate Landwehr,True,True,1,11,1434.1,1456.5,0.4677,Nate Landwehr,0.5323,50%-55%,True,0.4401,Nate Landwehr,,,pending,,,,,,,,,,0.6578,Mandel Nallo,2026-10-05T21:46:54Z,
600060773:401909783,2026-10-05T21:29:43Z,2026-10-03,performance-adjusted Elo v1.0 (tuned_params),1d20d6ff437794127ddcde0868c28e3d7efb3f5a,600060773,UFC Fight Night: Buckley vs. Malott,2026-10-17,Bantamweight,3,Louis Jourdain,Timmy Cuamba,Louis Jourdain,Timmy Cuamba,False,True,0,5,1500.0,1431.8,0.5969,Louis Jourdain,0.5969,55%-60%,True,0.5291,Louis Jourdain,,,pending,,,,,,,,,name not in UFCStats history; treated as a debut at 1500,0.6471,Louis Jourdain,2026-10-05T21:46:54Z,
600060773:401908372,2026-10-05T21:29:43Z,2026-10-03,performance-adjusted Elo v1.0 (tuned_params),1d20d6ff437794127ddcde0868c28e3d7efb3f5a,600060773,UFC Fight Night: Buckley vs. Malott,2026-10-17,Middleweight,3,Marc-Andre Barriault,Kyle Daukaus,Marc-Andre Barriault,Kyle Daukaus,True,True,17,10,1448.8,1562.3,0.3423,Kyle Daukaus,0.6577,65%-70%,False,0.4052,Kyle Daukaus,0.273,Kyle Daukaus,pending,,,,,,,,,,0.3615,Kyle Daukaus,2026-10-05T21:46:54Z,
600060773:401897729,2026-10-05T21:29:43Z,2026-10-03,performance-adjusted Elo v1.0 (tuned_params),1d20d6ff437794127ddcde0868c28e3d7efb3f5a,600060773,UFC Fight Night: Buckley vs. Malott,2026-10-17,Women's Flyweight,3,Erin Blanchfield,Jasmine Jasudavicius,Erin Blanchfield,Jasmine Jasudavicius,True,True,9,12,1765.9,1634.8,0.6801,Erin Blanchfield,0.6801,65%-70%,False,0.6273,Erin Blanchfield,0.6161,Erin Blanchfield,pending,,,,,,,,,,0.8147,Erin Blanchfield,2026-10-05T21:46:54Z,
600060773:401897388,2026-10-05T21:29:43Z,2026-10-03,performance-adjusted Elo v1.0 (tuned_params),1d20d6ff437794127ddcde0868c28e3d7efb3f5a,600060773,UFC Fight Night: Buckley vs. Malott,2026-10-17,Welterweight,5,Joaquin Buckley,Mike Malott,Joaquin Buckley,Mike Malott,True,True,17,8,1718.1,1740.1,0.4684,Mike Malott,0.5316,50%-55%,False,0.4603,Mike Malott,0.5723,Joaquin Buckley,pending,,,,,,,,,,0.5677,Joaquin Buckley,2026-10-05T21:46:54Z,
600061267:401928047,2026-10-05T21:29:43Z,2026-10-03,performance-adjusted Elo v1.0 (tuned_params),1d20d6ff437794127ddcde0868c28e3d7efb3f5a,600061267,UFC 333: Volkanovski vs. Evloev,2026-10-24,Bantamweight,3,Colby Thicknesse,Asaf Chopurov,Colby Thicknesse,Asaf Chopurov,True,False,3,0,1512.9,1500.0,0.5185,Colby Thicknesse,0.5185,50%-55%,True,0.5479,Colby Thicknesse,,,pending,,,,,,,,,name not in UFCStats history; treated as a debut at 1500,0.5466,Colby Thicknesse,2026-10-05T21:46:54Z,
600061267:401911640,2026-10-05T21:29:43Z,2026-10-03,performance-adjusted Elo v1.0 (tuned_params),1d20d6ff437794127ddcde0868c28e3d7efb3f5a,600061267,UFC 333: Volkanovski vs. Evloev,2026-10-24,Lightweight,3,Grant Dawson,Nurullo Aliev,Grant Dawson,Nurullo Aliev,True,True,15,4,1730.7,1608.2,0.6694,Grant Dawson,0.6694,65%-70%,False,0.6274,Grant Dawson,0.5938,Grant Dawson,pending,,,,,,,,,,0.5769,Grant Dawson,2026-10-05T21:46:54Z,
600061267:401911638,2026-10-05T21:29:43Z,2026-10-03,performance-adjusted Elo v1.0 (tuned_params),1d20d6ff437794127ddcde0868c28e3d7efb3f5a,600061267,UFC 333: Volkanovski vs. Evloev,2026-10-24,Middleweight,3,Abus Magomedov,Cam Rowston,Abus Magomedov,Cam Rowston,True,True,8,3,1700.9,1692.4,0.5122,Abus Magomedov,0.5122,50%-55%,True,0.494,Cam Rowston,0.4739,Cam Rowston,pending,,,,,,,,,,0.4856,Cam Rowston,2026-10-05T21:46:54Z,
600061267:401911639,2026-10-05T21:29:43Z,2026-10-03,performance-adjusted Elo v1.0 (tuned_params),1d20d6ff437794127ddcde0868c28e3d7efb3f5a,600061267,UFC 333: Volkanovski vs. Evloev,2026-10-24,Light Heavyweight,3,Nikita Krylov,Abdul Rakhman Yakhyaev,Nikita Krylov,Abdul-Rakhman Yakhyaev,True,True,22,3,1683.1,1678.5,0.5067,Nikita Krylov,0.5067,50%-55%,True,0.4395,Abdul Rakhman Yakhyaev,0.4384,Abdul Rakhman Yakhyaev,pending,,,,,,,,,,0.3243,Abdul Rakhman Yakhyaev,2026-10-05T21:46:54Z,
600061267:401911637,2026-10-05T21:29:43Z,2026-10-03,performance-adjusted Elo v1.0 (tuned_params),1d20d6ff437794127ddcde0868c28e3d7efb3f5a,600061267,UFC 333: Volkanovski vs. Evloev,2026-10-24,Light Heavyweight,3,Azamat Murzakanov,Dominick Reyes,Azamat Murzakanov,Dominick Reyes,True,True,7,15,1705.8,1748.8,0.4383,Dominick Reyes,0.5617,55%-60%,False,0.5326,Azamat Murzakanov,0.4879,Dominick Reyes,pending,,,,,,,,,,0.5457,Azamat Murzakanov,2026-10-05T21:46:54Z,
600061267:401911636,2026-10-05T21:29:43Z,2026-10-03,performance-adjusted Elo v1.0 (tuned_params),1d20d6ff437794127ddcde0868c28e3d7efb3f5a,600061267,UFC 333: Volkanovski vs. Evloev,2026-10-24,Featherweight,3,Arnold Allen,Aaron Pico,Arnold Allen,Aaron Pico,True,True,15,2,1704.5,1618.0,0.6219,Arnold Allen,0.6219,60%-65%,True,0.7402,Arnold Allen,0.689,Arnold Allen,pending,,,,,,,,,,0.5449,Arnold Allen,2026-10-05T21:46:54Z,
600061267:401911635,2026-10-05T21:29:43Z,2026-10-03,performance-adjusted Elo v1.0 (tuned_params),1d20d6ff437794127ddcde0868c28e3d7efb3f5a,600061267,UFC 333: Volkanovski vs. Evloev,2026-10-24,Heavyweight,3,Alexander Volkov,Rizvan Kuniev,Alexander Volkov,Rizvan Kuniev,True,True,19,3,1898.2,1682.0,0.7764,Alexander Volkov,0.7764,70%+,True,0.7449,Alexander Volkov,0.737,Alexander Volkov,pending,,,,,,,,,,0.7305,Alexander Volkov,2026-10-05T21:46:54Z,
600061267:401911634,2026-10-05T21:29:43Z,2026-10-03,performance-adjusted Elo v1.0 (tuned_params),1d20d6ff437794127ddcde0868c28e3d7efb3f5a,600061267,UFC 333: Volkanovski vs. Evloev,2026-10-24,Flyweight,3,Lone'er Kavanagh,Ramazan Temirov,Lone'er Kavanagh,Ramazan Temirov,True,True,5,3,1557.2,1680.8,0.3292,Ramazan Temirov,0.6708,65%-70%,True,0.385,Ramazan Temirov,0.3826,Ramazan Temirov,pending,,,,,,,,,,0.4099,Ramazan Temirov,2026-10-05T21:46:54Z,
600061267:401911633,2026-10-05T21:29:43Z,2026-10-03,performance-adjusted Elo v1.0 (tuned_params),1d20d6ff437794127ddcde0868c28e3d7efb3f5a,600061267,UFC 333: Volkanovski vs. Evloev,2026-10-24,Bantamweight,5,Petr Yan,Merab Dvalishvili,Petr Yan,Merab Dvalishvili,True,True,16,17,1845.4,1932.7,0.377,Merab Dvalishvili,0.623,60%-65%,False,0.4673,Merab Dvalishvili,0.4079,Merab Dvalishvili,pending,,,,,,,,,,0.5465,Petr Yan,2026-10-05T21:46:54Z,
600061267:401911632,2026-10-05T21:29:43Z,2026-10-03,performance-adjusted Elo v1.0 (tuned_params),1d20d6ff437794127ddcde0868c28e3d7efb3f5a,600061267,UFC 333: Volkanovski vs. Evloev,2026-10-24,Featherweight,5,Alexander Volkanovski,Movsar Evloev,Alexander Volkanovski,Movsar Evloev,True,True,18,10,1893.4,1771.1,0.6691,Alexander Volkanovski,0.6691,65%-70%,False,0.5317,Alexander Volkanovski,0.7185,Alexander Volkanovski,pending,,,,,,,,,,0.5832,Alexander Volkanovski,2026-10-05T21:46:54Z,
600060773:401923630,2026-10-09T18:44:04Z,2026-10-03,performance-adjusted Elo v1.0 (tuned_params),1d20d6ff437794127ddcde0868c28e3d7efb3f5a,600060773,UFC Fight Night: Buckley vs. Malott,2026-10-17,Lightweight,3,Kyle Nelson,Cristian Pérez,Kyle Nelson,Cristian Pérez,True,False,12,0,1509.2,1500.0,0.5132,Kyle Nelson,0.5132,50%-55%,True,0.5222,Kyle Nelson,,,pending,,,,,,,,,name not in UFCStats history; treated as a debut at 1500,0.567,Kyle Nelson,2026-10-09T18:44:04Z,
