source,division,rank,fighter,is_champion,is_interim,as_of,url
UFC media panel,Flyweight,0,Joshua Van,1,0,2026-09-26,https://www.ufc.com/rankings
UFC media panel,Flyweight,1,Alexandre Pantoja,0,0,2026-09-26,https://www.ufc.com/rankings
UFC media panel,Flyweight,2,Manel Kape,0,0,2026-09-26,https://www.ufc.com/rankings
UFC media panel,Flyweight,3,Brandon Royval,0,0,2026-09-26,https://www.ufc.com/rankings
UFC media panel,Flyweight,4,Tatsuro Taira,0,0,2026-09-26,https://www.ufc.com/rankings
UFC media panel,Flyweight,5,Kyoji Horiguchi,0,0,2026-09-26,https://www.ufc.com/rankings
UFC media panel,Flyweight,6,Lone'er Kavanagh,0,0,2026-09-26,https://www.ufc.com/rankings
UFC media panel,Flyweight,7,Asu Almabayev,0,0,2026-09-26,https://www.ufc.com/rankings
UFC media panel,Flyweight,8,Brandon Moreno,0,0,2026-09-26,https://www.ufc.com/rankings
UFC media panel,Flyweight,9,Amir Albazi,0,0,2026-09-26,https://www.ufc.com/rankings
UFC media panel,Flyweight,10,Ramazan Temirov,0,0,2026-09-26,https://www.ufc.com/rankings
UFC media panel,Flyweight,11,Tim Elliott,0,0,2026-09-26,https://www.ufc.com/rankings
UFC media panel,Flyweight,12,Steve Erceg,0,0,2026-09-26,https://www.ufc.com/rankings
UFC media panel,Flyweight,13,Sumudaerji,0,0,2026-09-26,https://www.ufc.com/rankings
UFC media panel,Flyweight,14,Tagir Ulanbekov,0,0,2026-09-26,https://www.ufc.com/rankings
UFC media panel,Flyweight,15,Alex Perez,0,0,2026-09-26,https://www.ufc.com/rankings
UFC media panel,Bantamweight,0,Petr Yan,1,0,2026-09-26,https://www.ufc.com/rankings
UFC media panel,Bantamweight,1,Merab Dvalishvili,0,0,2026-09-26,https://www.ufc.com/rankings
UFC media panel,Bantamweight,2,Sean O'Malley,0,0,2026-09-26,https://www.ufc.com/rankings
UFC media panel,Bantamweight,3,Song Yadong,0,0,2026-09-26,https://www.ufc.com/rankings
UFC media panel,Bantamweight,4,Umar Nurmagomedov,0,0,2026-09-26,https://www.ufc.com/rankings
UFC media panel,Bantamweight,5,Mario Bautista,0,0,2026-09-26,https://www.ufc.com/rankings
UFC media panel,Bantamweight,6,Cory Sandhagen,0,0,2026-09-26,https://www.ufc.com/rankings
UFC media panel,Bantamweight,7,Aiemann Zahabi,0,0,2026-09-26,https://www.ufc.com/rankings
UFC media panel,Bantamweight,8,David Martinez,0,0,2026-09-26,https://www.ufc.com/rankings
UFC media panel,Bantamweight,9,Deiveson Figueiredo,0,0,2026-09-26,https://www.ufc.com/rankings
UFC media panel,Bantamweight,10,Marlon Vera,0,0,2026-09-26,https://www.ufc.com/rankings
UFC media panel,Bantamweight,11,Raul Rosas Jr.,0,0,2026-09-26,https://www.ufc.com/rankings
UFC media panel,Bantamweight,12,Payton Talbott,0,0,2026-09-26,https://www.ufc.com/rankings
UFC media panel,Bantamweight,13,Farid Basharat,0,0,2026-09-26,https://www.ufc.com/rankings
UFC media panel,Bantamweight,14,Raoni Barcelos,0,0,2026-09-26,https://www.ufc.com/rankings
UFC media panel,Bantamweight,15,Marcus McGhee,0,0,2026-09-26,https://www.ufc.com/rankings
UFC media panel,Featherweight,0,Alexander Volkanovski,1,0,2026-09-26,https://www.ufc.com/rankings
UFC media panel,Featherweight,1,Movsar Evloev,0,0,2026-09-26,https://www.ufc.com/rankings
UFC media panel,Featherweight,2,Diego Lopes,0,0,2026-09-26,https://www.ufc.com/rankings
UFC media panel,Featherweight,3,Lerone Murphy,0,0,2026-09-26,https://www.ufc.com/rankings
UFC media panel,Featherweight,4,Aljamain Sterling,0,0,2026-09-26,https://www.ufc.com/rankings
UFC media panel,Featherweight,5,Jean Silva,0,0,2026-09-26,https://www.ufc.com/rankings
UFC media panel,Featherweight,6,Yair Rodriguez,0,0,2026-09-26,https://www.ufc.com/rankings
UFC media panel,Featherweight,7,Arnold Allen,0,0,2026-09-26,https://www.ufc.com/rankings
UFC media panel,Featherweight,8,Youssef Zalal,0,0,2026-09-26,https://www.ufc.com/rankings
UFC media panel,Featherweight,9,Kevin Vallejos,0,0,2026-09-26,https://www.ufc.com/rankings
UFC media panel,Featherweight,10,Steve Garcia,0,0,2026-09-26,https://www.ufc.com/rankings
UFC media panel,Featherweight,11,Aaron Pico,0,0,2026-09-26,https://www.ufc.com/rankings
UFC media panel,Featherweight,12,Melquizael Costa,0,0,2026-09-26,https://www.ufc.com/rankings
UFC media panel,Featherweight,13,Brian Ortega,0,0,2026-09-26,https://www.ufc.com/rankings
UFC media panel,Featherweight,14,Patricio Pitbull,0,0,2026-09-26,https://www.ufc.com/rankings
UFC media panel,Featherweight,15,David Onama,0,0,2026-09-26,https://www.ufc.com/rankings
UFC media panel,Lightweight,0,Justin Gaethje,1,0,2026-09-26,https://www.ufc.com/rankings
UFC media panel,Lightweight,1,Ilia Topuria,0,0,2026-09-26,https://www.ufc.com/rankings
UFC media panel,Lightweight,2,Arman Tsarukyan,0,0,2026-09-26,https://www.ufc.com/rankings
UFC media panel,Lightweight,3,Charles Oliveira,0,0,2026-09-26,https://www.ufc.com/rankings
UFC media panel,Lightweight,4,Max Holloway,0,0,2026-09-26,https://www.ufc.com/rankings
UFC media panel,Lightweight,5,Paddy Pimblett,0,0,2026-09-26,https://www.ufc.com/rankings
UFC media panel,Lightweight,6,Benoît Saint Denis,0,0,2026-09-26,https://www.ufc.com/rankings
UFC media panel,Lightweight,7,Quillan Salkilld,0,0,2026-09-26,https://www.ufc.com/rankings
UFC media panel,Lightweight,8,Mauricio Ruffy,0,0,2026-09-26,https://www.ufc.com/rankings
UFC media panel,Lightweight,9,Salahdine Parnasse,0,0,2026-09-26,https://www.ufc.com/rankings
UFC media panel,Lightweight,10,Mateusz Gamrot,0,0,2026-09-26,https://www.ufc.com/rankings
UFC media panel,Lightweight,11,Rafael Fiziev,0,0,2026-09-26,https://www.ufc.com/rankings
UFC media panel,Lightweight,12,Renato Moicano,0,0,2026-09-26,https://www.ufc.com/rankings
UFC media panel,Lightweight,13,Dan Hooker,0,0,2026-09-26,https://www.ufc.com/rankings
UFC media panel,Lightweight,14,Tom Nolan,0,0,2026-09-26,https://www.ufc.com/rankings
UFC media panel,Lightweight,15,Beneil Dariush,0,0,2026-09-26,https://www.ufc.com/rankings
UFC media panel,Welterweight,0,Islam Makhachev,1,0,2026-09-26,https://www.ufc.com/rankings
UFC media panel,Welterweight,1,Ian Machado Garry,0,0,2026-09-26,https://www.ufc.com/rankings
UFC media panel,Welterweight,2,Carlos Prates,0,0,2026-09-26,https://www.ufc.com/rankings
UFC media panel,Welterweight,3,Michael Morales,0,0,2026-09-26,https://www.ufc.com/rankings
UFC media panel,Welterweight,4,Jack Della Maddalena,0,0,2026-09-26,https://www.ufc.com/rankings
UFC media panel,Welterweight,5,Gabriel Bonfim,0,0,2026-09-26,https://www.ufc.com/rankings
UFC media panel,Welterweight,6,Sean Brady,0,0,2026-09-26,https://www.ufc.com/rankings
UFC media panel,Welterweight,7,Belal Muhammad,0,0,2026-09-26,https://www.ufc.com/rankings
UFC media panel,Welterweight,8,Leon Edwards,0,0,2026-09-26,https://www.ufc.com/rankings
UFC media panel,Welterweight,9,Kamaru Usman,0,0,2026-09-26,https://www.ufc.com/rankings
UFC media panel,Welterweight,10,Joaquin Buckley,0,0,2026-09-26,https://www.ufc.com/rankings
UFC media panel,Welterweight,11,Yaroslav Amosov,0,0,2026-09-26,https://www.ufc.com/rankings
UFC media panel,Welterweight,12,Uroš Medić,0,0,2026-09-26,https://www.ufc.com/rankings
UFC media panel,Welterweight,13,Mike Malott,0,0,2026-09-26,https://www.ufc.com/rankings
UFC media panel,Welterweight,14,Daniel Rodriguez,0,0,2026-09-26,https://www.ufc.com/rankings
UFC media panel,Welterweight,15,Neil Magny,0,0,2026-09-26,https://www.ufc.com/rankings
UFC media panel,Middleweight,0,Sean Strickland,1,0,2026-09-26,https://www.ufc.com/rankings
UFC media panel,Middleweight,1,Khamzat Chimaev,0,0,2026-09-26,https://www.ufc.com/rankings
UFC media panel,Middleweight,2,Dricus Du Plessis,0,0,2026-09-26,https://www.ufc.com/rankings
UFC media panel,Middleweight,3,Nassourdine Imavov,0,0,2026-09-26,https://www.ufc.com/rankings
UFC media panel,Middleweight,4,Brendan Allen,0,0,2026-09-26,https://www.ufc.com/rankings
UFC media panel,Middleweight,5,Caio Borralho,0,0,2026-09-26,https://www.ufc.com/rankings
UFC media panel,Middleweight,6,Joe Pyfer,0,0,2026-09-26,https://www.ufc.com/rankings
UFC media panel,Middleweight,7,Gregory Rodrigues,0,0,2026-09-26,https://www.ufc.com/rankings
UFC media panel,Middleweight,8,Anthony Hernandez,0,0,2026-09-26,https://www.ufc.com/rankings
UFC media panel,Middleweight,9,Israel Adesanya,0,0,2026-09-26,https://www.ufc.com/rankings
UFC media panel,Middleweight,10,Christian Leroy Duncan,0,0,2026-09-26,https://www.ufc.com/rankings
UFC media panel,Middleweight,11,Jared Cannonier,0,0,2026-09-26,https://www.ufc.com/rankings
UFC media panel,Middleweight,12,Abus Magomedov,0,0,2026-09-26,https://www.ufc.com/rankings
UFC media panel,Middleweight,13,Ikram Aliskerov,0,0,2026-09-26,https://www.ufc.com/rankings
UFC media panel,Middleweight,14,Bo Nickal,0,0,2026-09-26,https://www.ufc.com/rankings
UFC media panel,Middleweight,15,Shara Magomedov,0,0,2026-09-26,https://www.ufc.com/rankings
UFC media panel,Light Heavyweight,0,Carlos Ulberg,1,0,2026-09-26,https://www.ufc.com/rankings
UFC media panel,Light Heavyweight,1,Magomed Ankalaev,0,0,2026-09-26,https://www.ufc.com/rankings
UFC media panel,Light Heavyweight,2,Jiří Procházka,0,0,2026-09-26,https://www.ufc.com/rankings
UFC media panel,Light Heavyweight,3,Alex Pereira,0,0,2026-09-26,https://www.ufc.com/rankings
UFC media panel,Light Heavyweight,4,Khalil Rountree Jr.,0,0,2026-09-26,https://www.ufc.com/rankings
UFC media panel,Light Heavyweight,5,Navajo Stirling,0,0,2026-09-26,https://www.ufc.com/rankings
UFC media panel,Light Heavyweight,6,Paulo Costa,0,0,2026-09-26,https://www.ufc.com/rankings
UFC media panel,Light Heavyweight,7,Jamahal Hill,0,0,2026-09-26,https://www.ufc.com/rankings
UFC media panel,Light Heavyweight,8,Azamat Murzakanov,0,0,2026-09-26,https://www.ufc.com/rankings
UFC media panel,Light Heavyweight,9,Jan Błachowicz,0,0,2026-09-26,https://www.ufc.com/rankings
UFC media panel,Light Heavyweight,10,Dominick Reyes,0,0,2026-09-26,https://www.ufc.com/rankings
UFC media panel,Light Heavyweight,11,Bogdan Guskov,0,0,2026-09-26,https://www.ufc.com/rankings
UFC media panel,Light Heavyweight,12,Robert Whittaker,0,0,2026-09-26,https://www.ufc.com/rankings
UFC media panel,Light Heavyweight,13,Johnny Walker,0,0,2026-09-26,https://www.ufc.com/rankings
UFC media panel,Light Heavyweight,14,Alonzo Menifield,0,0,2026-09-26,https://www.ufc.com/rankings
UFC media panel,Light Heavyweight,15,Nikita Krylov,0,0,2026-09-26,https://www.ufc.com/rankings
UFC media panel,Heavyweight,0,Ciryl Gane,1,0,2026-09-26,https://www.ufc.com/rankings
UFC media panel,Heavyweight,1,Tom Aspinall,0,0,2026-09-26,https://www.ufc.com/rankings
UFC media panel,Heavyweight,2,Alexander Volkov,0,0,2026-09-26,https://www.ufc.com/rankings
UFC media panel,Heavyweight,3,Sergei Pavlovich,0,0,2026-09-26,https://www.ufc.com/rankings
UFC media panel,Heavyweight,4,Josh Hokit,0,0,2026-09-26,https://www.ufc.com/rankings
UFC media panel,Heavyweight,5,Curtis Blaydes,0,0,2026-09-26,https://www.ufc.com/rankings
UFC media panel,Heavyweight,6,Waldo Cortes Acosta,0,0,2026-09-26,https://www.ufc.com/rankings
UFC media panel,Heavyweight,7,Rizvan Kuniev,0,0,2026-09-26,https://www.ufc.com/rankings
UFC media panel,Heavyweight,8,Vitor Petrino,0,0,2026-09-26,https://www.ufc.com/rankings
UFC media panel,Heavyweight,9,Serghei Spivac,0,0,2026-09-26,https://www.ufc.com/rankings
UFC media panel,Heavyweight,10,Ante Delija,0,0,2026-09-26,https://www.ufc.com/rankings
UFC media panel,Heavyweight,11,Valter Walker,0,0,2026-09-26,https://www.ufc.com/rankings
UFC media panel,Heavyweight,12,Tyrell Fortune,0,0,2026-09-26,https://www.ufc.com/rankings
UFC media panel,Heavyweight,13,Derrick Lewis,0,0,2026-09-26,https://www.ufc.com/rankings
UFC media panel,Heavyweight,14,Mario Pinto,0,0,2026-09-26,https://www.ufc.com/rankings
UFC media panel,Heavyweight,15,Aleksandar Rakić,0,0,2026-09-26,https://www.ufc.com/rankings
UFC media panel,Women's Strawweight,0,Mackenzie Dern,1,0,2026-09-26,https://www.ufc.com/rankings
UFC media panel,Women's Strawweight,1,Zhang Weili,0,0,2026-09-26,https://www.ufc.com/rankings
UFC media panel,Women's Strawweight,2,Tatiana Suarez,0,0,2026-09-26,https://www.ufc.com/rankings
UFC media panel,Women's Strawweight,3,Virna Jandiroba,0,0,2026-09-26,https://www.ufc.com/rankings
UFC media panel,Women's Strawweight,4,Denise Gomes,0,0,2026-09-26,https://www.ufc.com/rankings
UFC media panel,Women's Strawweight,5,Gillian Robertson,0,0,2026-09-26,https://www.ufc.com/rankings
UFC media panel,Women's Strawweight,6,Yan Xiaonan,0,0,2026-09-26,https://www.ufc.com/rankings
UFC media panel,Women's Strawweight,7,Fatima Kline,0,0,2026-09-26,https://www.ufc.com/rankings
UFC media panel,Women's Strawweight,8,Loopy Godinez,0,0,2026-09-26,https://www.ufc.com/rankings
UFC media panel,Women's Strawweight,9,Alexia Thainara,0,0,2026-09-26,https://www.ufc.com/rankings
UFC media panel,Women's Strawweight,10,Jéssica Andrade,0,0,2026-09-26,https://www.ufc.com/rankings
UFC media panel,Women's Strawweight,11,Tabatha Ricci,0,0,2026-09-26,https://www.ufc.com/rankings
UFC media panel,Women's Strawweight,12,Amanda Lemos,0,0,2026-09-26,https://www.ufc.com/rankings
UFC media panel,Women's Strawweight,13,Amanda Ribas,0,0,2026-09-26,https://www.ufc.com/rankings
UFC media panel,Women's Strawweight,14,Angela Hill,0,0,2026-09-26,https://www.ufc.com/rankings
UFC media panel,Women's Strawweight,15,Mizuki,0,0,2026-09-26,https://www.ufc.com/rankings
UFC media panel,Women's Flyweight,0,Valentina Shevchenko,1,0,2026-09-26,https://www.ufc.com/rankings
UFC media panel,Women's Flyweight,1,Natalia Silva,0,0,2026-09-26,https://www.ufc.com/rankings
UFC media panel,Women's Flyweight,2,Alexa Grasso,0,0,2026-09-26,https://www.ufc.com/rankings
UFC media panel,Women's Flyweight,3,Manon Fiorot,0,0,2026-09-26,https://www.ufc.com/rankings
UFC media panel,Women's Flyweight,4,Erin Blanchfield,0,0,2026-09-26,https://www.ufc.com/rankings
UFC media panel,Women's Flyweight,5,Rose Namajunas,0,0,2026-09-26,https://www.ufc.com/rankings
UFC media panel,Women's Flyweight,6,Maycee Barber,0,0,2026-09-26,https://www.ufc.com/rankings
UFC media panel,Women's Flyweight,7,Jasmine Jasudavicius,0,0,2026-09-26,https://www.ufc.com/rankings
UFC media panel,Women's Flyweight,8,Wang Cong,0,0,2026-09-26,https://www.ufc.com/rankings
UFC media panel,Women's Flyweight,9,Tracy Cortez,0,0,2026-09-26,https://www.ufc.com/rankings
UFC media panel,Women's Flyweight,10,Miranda Maverick,0,0,2026-09-26,https://www.ufc.com/rankings
UFC media panel,Women's Flyweight,11,Karine Silva,0,0,2026-09-26,https://www.ufc.com/rankings
UFC media panel,Women's Flyweight,12,Casey O'Neill,0,0,2026-09-26,https://www.ufc.com/rankings
UFC media panel,Women's Flyweight,13,Eduarda Moura,0,0,2026-09-26,https://www.ufc.com/rankings
UFC media panel,Women's Flyweight,14,Regina Tarin,0,0,2026-09-26,https://www.ufc.com/rankings
UFC media panel,Women's Flyweight,15,Gabriella Fernandes,0,0,2026-09-26,https://www.ufc.com/rankings
UFC media panel,Women's Bantamweight,0,Kayla Harrison,1,0,2026-09-26,https://www.ufc.com/rankings
UFC media panel,Women's Bantamweight,1,Julianna Peña,0,0,2026-09-26,https://www.ufc.com/rankings
UFC media panel,Women's Bantamweight,2,Joselyne Edwards,0,0,2026-09-26,https://www.ufc.com/rankings
UFC media panel,Women's Bantamweight,3,Ailin Perez,0,0,2026-09-26,https://www.ufc.com/rankings
UFC media panel,Women's Bantamweight,3,Raquel Pennington,0,0,2026-09-26,https://www.ufc.com/rankings
UFC media panel,Women's Bantamweight,5,Norma Dumont,0,0,2026-09-26,https://www.ufc.com/rankings
UFC media panel,Women's Bantamweight,6,Yana Santos,0,0,2026-09-26,https://www.ufc.com/rankings
UFC media panel,Women's Bantamweight,7,Luana Santos,0,0,2026-09-26,https://www.ufc.com/rankings
UFC media panel,Women's Bantamweight,8,Macy Chiasson,0,0,2026-09-26,https://www.ufc.com/rankings
UFC media panel,Women's Bantamweight,9,Jacqueline Cavalcanti,0,0,2026-09-26,https://www.ufc.com/rankings
UFC media panel,Women's Bantamweight,10,Karol Rosa,0,0,2026-09-26,https://www.ufc.com/rankings
UFC media panel,Women's Bantamweight,11,Bia Mesquita,0,0,2026-09-26,https://www.ufc.com/rankings
UFC media panel,Women's Bantamweight,12,Michelle Montague,0,0,2026-09-26,https://www.ufc.com/rankings
UFC media panel,Women's Bantamweight,13,Nora Cornolle,0,0,2026-09-26,https://www.ufc.com/rankings
UFC media panel,Women's Bantamweight,14,Miesha Tate,0,0,2026-09-26,https://www.ufc.com/rankings
UFC media panel,Women's Bantamweight,15,Melissa Croden,0,0,2026-09-26,https://www.ufc.com/rankings
