event,date,top10_bouts,top15_bouts,nontitle_top10_bouts,title_bouts,ranked_appearances,is_numbered,location,bouts,year,card_type,ranked_share,top10_per_10_bouts,nontitle_top10_per_10_bouts
UFC 332: Silva vs. Wang,2026-10-03,1,1,0,1,5,True,"Salt Lake City, Utah, USA",14,2026,Numbered,0.17857142857142858,0.7142857142857143,0.0
UFC Fight Night: Rosas Jr. vs. Barcelos,2026-09-26,1,1,1,0,4,False,"Las Vegas, Nevada, USA",12,2026,Fight Night,0.16666666666666666,0.8333333333333334,0.8333333333333334
UFC 331: Van vs. Pantoja 2,2026-09-19,2,2,1,1,5,True,"Los Angeles, California, USA",12,2026,Numbered,0.20833333333333334,1.6666666666666667,0.8333333333333334
Noche UFC: Silva vs. Delgado,2026-09-12,2,2,2,0,9,False,"Glendale, Arizona, USA",13,2026,Fight Night,0.34615384615384615,1.5384615384615385,1.5384615384615385
UFC Fight Night: Hooker vs. Parnasse,2026-09-05,0,0,0,0,2,False,"Paris, Ile-de-France, France",14,2026,Fight Night,0.07142857142857142,0.0,0.0
UFC Fight Night: Nurmagomedov vs. Song,2026-08-29,2,3,2,0,7,False,"Shanghai, China",13,2026,Fight Night,0.2692307692307692,1.5384615384615385,1.5384615384615385
UFC Fight Night: Hernandez vs. Rodrigues,2026-08-22,1,2,1,0,5,False,"Sacramento, California, USA",13,2026,Fight Night,0.19230769230769232,0.7692307692307693,0.7692307692307693
UFC 330: Makhachev vs. Machado Garry,2026-08-15,2,2,0,2,6,True,"Philadelphia, Pennsylvania, USA",12,2026,Numbered,0.25,1.6666666666666667,0.0
UFC Fight Night: Gamrot vs. Salkilld,2026-08-08,2,2,2,0,4,False,"Las Vegas, Nevada, USA",12,2026,Fight Night,0.16666666666666666,1.6666666666666667,1.6666666666666667
UFC Fight Night: Medic vs. Rodriguez,2026-08-01,1,1,1,0,2,False,"Belgrade, Vojvodina, Serbia",14,2026,Fight Night,0.07142857142857142,0.7142857142857143,0.7142857142857143
UFC Fight Night: Ankalaev vs. Guskov,2026-07-25,0,2,0,0,7,False,"Abu Dhabi, Abu Dhabi, United Arab Emirates",12,2026,Fight Night,0.2916666666666667,0.0,0.0
UFC Fight Night: Du Plessis vs. Usman,2026-07-18,0,1,0,0,7,False,"Oklahoma City, Oklahoma, USA",12,2026,Fight Night,0.2916666666666667,0.0,0.0
UFC 329: McGregor vs. Holloway 2,2026-07-11,2,3,2,0,8,True,"Las Vegas, Nevada, USA",14,2026,Numbered,0.2857142857142857,1.4285714285714286,1.4285714285714286
UFC Fight Night: Fiziev vs. Torres,2026-06-27,0,0,0,0,3,False,"Baku, Azerbaijan",13,2026,Fight Night,0.11538461538461539,0.0,0.0
UFC Fight Night: Kape vs. Horiguchi,2026-06-20,2,3,2,0,8,False,"Las Vegas, Nevada, USA",12,2026,Fight Night,0.3333333333333333,1.6666666666666667,1.6666666666666667
UFC Freedom 250,2026-06-14,3,4,2,2,9,False,"Washington, DC, USA",7,2026,Fight Night,0.6428571428571429,4.285714285714286,2.857142857142857
UFC Fight Night: Muhammad vs. Bonfim,2026-06-06,1,1,1,0,4,False,"Las Vegas, Nevada, USA",12,2026,Fight Night,0.16666666666666666,0.8333333333333334,0.8333333333333334
UFC Fight Night: Song vs. Figueiredo,2026-05-30,1,1,1,0,4,False,"Macau, China",13,2026,Fight Night,0.15384615384615385,0.7692307692307693,0.7692307692307693
UFC Fight Night: Allen vs. Costa,2026-05-16,0,2,0,0,4,False,"Las Vegas, Nevada, USA",13,2026,Fight Night,0.15384615384615385,0.0,0.0
UFC 328: Chimaev vs. Strickland,2026-05-09,4,4,2,2,12,True,"Newark, New Jersey, USA",13,2026,Numbered,0.46153846153846156,3.076923076923077,1.5384615384615385
UFC Fight Night: Della Maddalena vs. Prates,2026-05-02,0,1,0,0,5,False,"Perth, Western Australia, Australia",13,2026,Fight Night,0.19230769230769232,0.0,0.0
UFC Fight Night: Sterling vs. Zalal,2026-04-25,1,1,1,0,5,False,"Las Vegas, Nevada, USA",13,2026,Fight Night,0.19230769230769232,0.7692307692307693,0.7692307692307693
UFC Fight Night: Burns vs. Malott,2026-04-18,0,2,0,0,6,False,"Winnipeg, Manitoba, Canada",12,2026,Fight Night,0.25,0.0,0.0
UFC 327: Prochazka vs. Ulberg,2026-04-11,2,4,1,1,11,True,"Miami, Florida, USA",12,2026,Numbered,0.4583333333333333,1.6666666666666667,0.8333333333333334
UFC Fight Night: Moicano vs. Duncan,2026-04-04,0,1,0,0,4,False,"Las Vegas, Nevada, USA",13,2026,Fight Night,0.15384615384615385,0.0,0.0
UFC Fight Night: Adesanya vs. Pyfer,2026-03-28,1,2,1,0,7,False,"Seattle, Washington, USA",13,2026,Fight Night,0.2692307692307692,0.7692307692307693,0.7692307692307693
UFC Fight Night: Evloev vs. Murphy,2026-03-21,0,1,0,0,4,False,"London, England, United Kingdom",13,2026,Fight Night,0.15384615384615385,0.0,0.0
UFC Fight Night: Emmett vs. Vallejos,2026-03-14,1,1,1,0,6,False,"Las Vegas, Nevada, USA",14,2026,Fight Night,0.21428571428571427,0.7142857142857143,0.7142857142857143
UFC 326: Holloway vs. Oliveira 2,2026-03-07,1,2,1,0,6,True,"Las Vegas, Nevada, USA",12,2026,Numbered,0.25,0.8333333333333334,0.8333333333333334
UFC Fight Night: Moreno vs. Kavanagh,2026-02-28,0,1,0,0,3,False,"Mexico City, Distrito Federal, Mexico",13,2026,Fight Night,0.11538461538461539,0.0,0.0
UFC Fight Night: Strickland vs. Hernandez,2026-02-21,1,2,1,0,7,False,"Houston, Texas, USA",14,2026,Fight Night,0.25,0.7142857142857143,0.7142857142857143
UFC Fight Night: Bautista vs. Oliveira,2026-02-07,1,1,1,0,6,False,"Las Vegas, Nevada, USA",13,2026,Fight Night,0.23076923076923078,0.7692307692307693,0.7692307692307693
UFC 325: Volkanovski vs. Lopes 2,2026-01-31,1,1,0,1,5,True,"Sydney, New South Wales, Australia",13,2026,Numbered,0.19230769230769232,0.7692307692307693,0.0
UFC 324: Gaethje vs. Pimblett,2026-01-24,4,5,3,1,13,True,"Las Vegas, Nevada, USA",11,2026,Numbered,0.5909090909090909,3.6363636363636362,2.727272727272727
UFC Fight Night: Royval vs. Kape,2025-12-13,1,2,1,0,5,False,"Las Vegas, Nevada, USA",12,2025,Fight Night,0.20833333333333334,0.8333333333333334,0.8333333333333334
UFC 323: Dvalishvili vs. Yan 2,2025-12-06,4,5,2,2,11,True,"Las Vegas, Nevada, USA",14,2025,Numbered,0.39285714285714285,2.857142857142857,1.4285714285714286
UFC Fight Night: Tsarukyan vs. Hooker,2025-11-22,2,2,2,0,7,False,"Doha, Qatar",14,2025,Fight Night,0.25,1.4285714285714286,1.4285714285714286
UFC 322: Della Maddalena vs. Makhachev,2025-11-15,3,3,3,2,12,True,"New York City, New York, USA",14,2025,Numbered,0.42857142857142855,2.142857142857143,2.142857142857143
UFC Fight Night: Bonfim vs. Brown,2025-11-08,2,2,2,0,5,False,"Las Vegas, Nevada, USA",12,2025,Fight Night,0.20833333333333334,1.6666666666666667,1.6666666666666667
UFC Fight Night: Garcia vs. Onama,2025-11-01,0,1,0,0,5,False,"Las Vegas, Nevada, USA",13,2025,Fight Night,0.19230769230769232,0.0,0.0
UFC 321: Aspinall vs. Gane,2025-10-25,5,6,4,2,15,True,"Abu Dhabi, Abu Dhabi, United Arab Emirates",13,2025,Numbered,0.5769230769230769,3.8461538461538463,3.076923076923077
UFC Fight Night: De Ridder vs. Allen,2025-10-18,1,1,1,0,4,False,"Vancouver, British Columbia, Canada",13,2025,Fight Night,0.15384615384615385,0.7692307692307693,0.7692307692307693
UFC Fight Night: Oliveira vs. Gamrot,2025-10-11,1,1,1,0,4,False,"Rio de Janeiro, Rio de Janeiro, Brazil",12,2025,Fight Night,0.16666666666666666,0.8333333333333334,0.8333333333333334
UFC 320: Ankalaev vs. Pereira 2,2025-10-04,2,3,0,2,9,True,"Las Vegas, Nevada, USA",14,2025,Numbered,0.32142857142857145,1.4285714285714286,0.0
UFC Fight Night: Ulberg vs. Reyes,2025-09-27,1,1,1,0,2,False,"Perth, Western Australia, Australia",12,2025,Fight Night,0.08333333333333333,0.8333333333333334,0.8333333333333334
Noche UFC: Lopes vs. Silva,2025-09-13,1,2,1,0,4,False,"San Antonio, Texas, USA",14,2025,Fight Night,0.14285714285714285,0.7142857142857143,0.7142857142857143
UFC Fight Night: Imavov vs. Borralho,2025-09-06,1,1,1,0,5,False,"Paris, Ile-de-France, France",13,2025,Fight Night,0.19230769230769232,0.7692307692307693,0.7692307692307693
UFC - Road to UFC 4.6,2025-08-23,0,0,0,0,0,False,"Shanghai, China",2,2025,Fight Night,0.0,0.0,0.0
UFC Fight Night: Walker vs. Zhang,2025-08-23,1,2,1,0,5,False,"Shanghai, Hebei, China",12,2025,Fight Night,0.20833333333333334,0.8333333333333334,0.8333333333333334
UFC 319: Du Plessis vs. Chimaev,2025-08-16,1,1,0,1,7,True,"Chicago, Illinois, USA",12,2025,Numbered,0.2916666666666667,0.8333333333333334,0.0
UFC Fight Night: Dolidze vs. Hernandez,2025-08-09,2,2,2,0,5,False,"Las Vegas, Nevada, USA",12,2025,Fight Night,0.20833333333333334,1.6666666666666667,1.6666666666666667
UFC Fight Night: Taira vs. Park,2025-08-02,1,2,1,0,4,False,"Las Vegas, Nevada, USA",12,2025,Fight Night,0.16666666666666666,0.8333333333333334,0.8333333333333334
UFC Fight Night: Whittaker vs. De Ridder,2025-07-26,2,2,2,0,9,False,"Abu Dhabi, Abu Dhabi, United Arab Emirates",12,2025,Fight Night,0.375,1.6666666666666667,1.6666666666666667
UFC 318: Holloway vs. Poirier 3,2025-07-19,0,1,0,0,3,True,"New Orleans, Louisiana, USA",14,2025,Numbered,0.10714285714285714,0.0,0.0
UFC Fight Night: Lewis vs. Teixeira,2025-07-12,0,2,0,0,5,False,"Nashville, Tennessee, USA",12,2025,Fight Night,0.20833333333333334,0.0,0.0
UFC 317: Topuria vs. Oliveira,2025-06-28,2,4,1,2,10,True,"Las Vegas, Nevada, USA",11,2025,Numbered,0.45454545454545453,1.8181818181818181,0.9090909090909091
UFC Fight Night: Hill vs. Rountree Jr.,2025-06-21,0,1,0,0,6,False,"Baku, Azerbaijan",12,2025,Fight Night,0.25,0.0,0.0
UFC Fight Night: Usman vs. Buckley,2025-06-14,1,1,1,0,3,False,"Atlanta, Georgia, USA",13,2025,Fight Night,0.11538461538461539,0.7692307692307693,0.7692307692307693
UFC 316: Dvalishvili vs. O'Malley 2,2025-06-07,3,3,1,2,11,True,"Newark, New Jersey, USA",13,2025,Numbered,0.4230769230769231,2.3076923076923075,0.7692307692307693
UFC Fight Night: Blanchfield vs. Barber,2025-05-31,0,0,0,0,2,False,"Las Vegas, Nevada, USA",9,2025,Fight Night,0.1111111111111111,0.0,0.0
UFC Fight Night: Burns vs. Morales,2025-05-17,0,0,0,0,3,False,"Las Vegas, Nevada, USA",11,2025,Fight Night,0.13636363636363635,0.0,0.0
UFC 315: Muhammad vs. Della Maddalena,2025-05-10,4,4,2,2,9,True,"Montreal, Quebec, Canada",12,2025,Numbered,0.375,3.3333333333333335,1.6666666666666667
UFC Fight Night: Sandhagen vs. Figueiredo,2025-05-03,1,4,1,0,8,False,"Des Moines, Iowa, USA",12,2025,Fight Night,0.3333333333333333,0.8333333333333334,0.8333333333333334
UFC Fight Night: Machado Garry vs. Prates,2025-04-26,0,0,0,0,6,False,"Kansas City, Missouri, USA",14,2025,Fight Night,0.21428571428571427,0.0,0.0
UFC 314: Volkanovski vs. Lopes,2025-04-12,2,3,1,1,11,True,"Miami, Florida, USA",13,2025,Numbered,0.4230769230769231,1.5384615384615385,0.7692307692307693
UFC Fight Night: Emmett vs. Murphy,2025-04-05,0,0,0,0,2,False,"Las Vegas, Nevada, USA",12,2025,Fight Night,0.08333333333333333,0.0,0.0
UFC Fight Night: Moreno vs. Erceg,2025-03-29,0,0,0,0,2,False,"Mexico City, Distrito Federal, Mexico",12,2025,Fight Night,0.08333333333333333,0.0,0.0
UFC Fight Night: Edwards vs. Brady,2025-03-22,1,2,1,0,5,False,"London, England, United Kingdom",13,2025,Fight Night,0.19230769230769232,0.7692307692307693,0.7692307692307693
UFC Fight Night: Vettori vs. Dolidze 2,2025-03-15,0,0,0,0,2,False,"Las Vegas, Nevada, USA",13,2025,Fight Night,0.07692307692307693,0.0,0.0
UFC 313: Pereira vs. Ankalaev,2025-03-08,3,3,2,1,9,True,"Las Vegas, Nevada, USA",10,2025,Numbered,0.45,3.0,2.0
UFC Fight Night: Kape vs. Almabayev,2025-03-01,1,2,1,0,6,False,"Las Vegas, Nevada, USA",10,2025,Fight Night,0.3,1.0,1.0
UFC Fight Night: Cejudo vs. Song,2025-02-22,0,2,0,0,4,False,"Seattle, Washington, USA",12,2025,Fight Night,0.16666666666666666,0.0,0.0
UFC Fight Night: Cannonier vs. Rodrigues,2025-02-15,0,1,0,0,5,False,"Las Vegas, Nevada, USA",12,2025,Fight Night,0.20833333333333334,0.0,0.0
UFC 312: Du Plessis vs. Strickland 2,2025-02-08,1,1,0,2,3,True,"Sydney, New South Wales, Australia",12,2025,Numbered,0.125,0.8333333333333334,0.0
UFC Fight Night: Adesanya vs. Imavov,2025-02-01,2,2,2,0,6,False,"Riyadh, Riyadh, Saudi Arabia",11,2025,Fight Night,0.2727272727272727,1.8181818181818181,1.8181818181818181
UFC 311: Makhachev vs. Moicano,2025-01-18,6,7,4,2,15,True,"Inglewood, California, USA",13,2025,Numbered,0.5769230769230769,4.615384615384615,3.076923076923077
UFC Fight Night: Dern vs. Ribas 2,2025-01-11,0,0,0,0,1,False,"Las Vegas, Nevada, USA",14,2025,Fight Night,0.03571428571428571,0.0,0.0
UFC Fight Night: Covington vs. Buckley,2024-12-14,1,1,1,0,5,False,"Tampa, Florida, USA",13,2024,Fight Night,0.19230769230769232,0.7692307692307693,0.7692307692307693
UFC 310: Pantoja vs. Asakura,2024-12-07,3,3,3,1,11,True,"Las Vegas, Nevada, USA",14,2024,Numbered,0.39285714285714285,2.142857142857143,2.142857142857143
UFC Fight Night: Yan vs. Figueiredo,2024-11-23,2,3,2,3,6,False,"Macau, China",13,2024,Fight Night,0.23076923076923078,1.5384615384615385,1.5384615384615385
UFC 309: Jones vs. Miocic,2024-11-16,0,1,0,1,5,True,"New York City, New York, USA",12,2024,Numbered,0.20833333333333334,0.0,0.0
UFC Fight Night: Magny vs. Prates,2024-11-09,0,0,0,0,2,False,"Las Vegas, Nevada, USA",11,2024,Fight Night,0.09090909090909091,0.0,0.0
UFC Fight Night: Moreno vs. Albazi,2024-11-02,2,2,2,0,6,False,"Edmonton, Alberta, Canada",13,2024,Fight Night,0.23076923076923078,1.5384615384615385,1.5384615384615385
UFC 308: Topuria vs. Holloway,2024-10-26,2,2,2,1,8,True,"Abu Dhabi, Abu Dhabi, United Arab Emirates",13,2024,Numbered,0.3076923076923077,1.5384615384615385,1.5384615384615385
UFC Fight Night: Hernandez vs. Pereira,2024-10-19,0,1,0,0,5,False,"Las Vegas, Nevada, USA",11,2024,Fight Night,0.22727272727272727,0.0,0.0
UFC Fight Night: Royval vs. Taira,2024-10-12,1,1,1,0,4,False,"Las Vegas, Nevada, USA",12,2024,Fight Night,0.16666666666666666,0.8333333333333334,0.8333333333333334
UFC 307: Pereira vs. Rountree Jr.,2024-10-05,2,5,2,2,13,True,"Salt Lake City, Utah, USA",12,2024,Numbered,0.5416666666666666,1.6666666666666667,1.6666666666666667
UFC Fight Night: Moicano vs. Saint Denis,2024-09-28,2,4,2,0,9,False,"Paris, Ile-de-France, France",14,2024,Fight Night,0.32142857142857145,1.4285714285714286,1.4285714285714286
UFC 306: Riyadh Season Noche UFC,2024-09-14,3,3,1,2,8,True,"Las Vegas, Nevada, USA",10,2024,Numbered,0.4,3.0,1.0
UFC Fight Night: Burns vs. Brady,2024-09-07,0,1,0,0,5,False,"Las Vegas, Nevada, USA",12,2024,Fight Night,0.20833333333333334,0.0,0.0
UFC Fight Night: Cannonier vs. Borralho,2024-08-24,0,2,0,0,5,False,"Las Vegas, Nevada, USA",11,2024,Fight Night,0.22727272727272727,0.0,0.0
UFC 305: Du Plessis vs. Adesanya,2024-08-17,1,2,0,1,7,True,"Perth, Western Australia, Australia",12,2024,Numbered,0.2916666666666667,0.8333333333333334,0.0
UFC Fight Night: Tybura vs. Spivac 2,2024-08-10,1,1,1,0,6,False,"Las Vegas, Nevada, USA",10,2024,Fight Night,0.3,1.0,1.0
UFC Fight Night: Sandhagen vs. Nurmagomedov,2024-08-03,0,1,0,0,5,False,"Abu Dhabi, Abu Dhabi, United Arab Emirates",13,2024,Fight Night,0.19230769230769232,0.0,0.0
UFC 304: Edwards vs. Muhammad 2,2024-07-27,4,5,2,2,10,True,"Manchester, England, United Kingdom",14,2024,Numbered,0.35714285714285715,2.857142857142857,1.4285714285714286
UFC Fight Night: Lemos vs. Jandiroba,2024-07-20,1,1,1,0,5,False,"Las Vegas, Nevada, USA",11,2024,Fight Night,0.22727272727272727,0.9090909090909091,0.9090909090909091
UFC Fight Night: Namajunas vs. Cortez,2024-07-13,0,2,0,0,5,False,"Denver, Colorado, USA",12,2024,Fight Night,0.20833333333333334,0.0,0.0
UFC 303: Pereira vs. Prochazka 2,2024-06-29,1,1,0,1,6,True,"Las Vegas, Nevada, USA",13,2024,Numbered,0.23076923076923078,0.7692307692307693,0.0
UFC Fight Night: Whittaker vs. Aliskerov,2024-06-22,2,3,2,0,7,False,"Riyadh, Riyadh, Saudi Arabia",11,2024,Fight Night,0.3181818181818182,1.8181818181818181,1.8181818181818181
UFC Fight Night: Perez vs. Taira,2024-06-15,0,1,0,0,4,False,"Las Vegas, Nevada, USA",11,2024,Fight Night,0.18181818181818182,0.0,0.0
UFC Fight Night: Cannonier vs. Imavov,2024-06-08,0,1,0,0,4,False,"Louisville, Kentucky, USA",14,2024,Fight Night,0.14285714285714285,0.0,0.0
UFC 302: Makhachev vs. Poirier,2024-06-01,2,2,1,1,6,True,"Newark, New Jersey, USA",12,2024,Numbered,0.25,1.6666666666666667,0.8333333333333334
UFC Fight Night: Barboza vs. Murphy,2024-05-18,0,0,0,0,2,False,"Las Vegas, Nevada, USA",12,2024,Fight Night,0.08333333333333333,0.0,0.0
UFC Fight Night: Lewis vs. Nascimento,2024-05-11,0,1,0,0,8,False,"St. Louis, Missouri, USA",12,2024,Fight Night,0.3333333333333333,0.0,0.0
UFC 301: Pantoja vs. Erceg,2024-05-04,0,1,0,1,7,True,"Rio de Janeiro, Rio de Janeiro, Brazil",13,2024,Numbered,0.2692307692307692,0.0,0.0
UFC Fight Night: Nicolau vs. Perez,2024-04-27,0,1,0,0,4,False,"Las Vegas, Nevada, USA",13,2024,Fight Night,0.15384615384615385,0.0,0.0
UFC 300: Pereira vs. Hill,2024-04-13,4,5,2,2,16,True,"Las Vegas, Nevada, USA",13,2024,Numbered,0.6153846153846154,3.076923076923077,1.5384615384615385
UFC Fight Night: Allen vs. Curtis 2,2024-04-06,0,0,0,0,1,False,"Las Vegas, Nevada, USA",12,2024,Fight Night,0.041666666666666664,0.0,0.0
UFC Fight Night: Blanchfield vs. Fiorot,2024-03-30,2,2,2,0,6,False,"Atlantic City, New Jersey, USA",13,2024,Fight Night,0.23076923076923078,1.5384615384615385,1.5384615384615385
UFC Fight Night: Ribas vs. Namajunas,2024-03-23,0,0,0,0,2,False,"Las Vegas, Nevada, USA",13,2024,Fight Night,0.07692307692307693,0.0,0.0
UFC Fight Night: Tuivasa vs. Tybura,2024-03-16,0,1,0,0,3,False,"Las Vegas, Nevada, USA",13,2024,Fight Night,0.11538461538461539,0.0,0.0
UFC 299: O'Malley vs. Vera 2,2024-03-09,5,6,5,1,18,True,"Miami, Florida, USA",14,2024,Numbered,0.6428571428571429,3.5714285714285716,3.5714285714285716
UFC Fight Night: Rozenstruik vs. Gaziev,2024-03-02,0,1,0,0,6,False,"Las Vegas, Nevada, USA",11,2024,Fight Night,0.2727272727272727,0.0,0.0
UFC Fight Night: Moreno vs. Royval 2,2024-02-24,1,1,1,0,4,False,"Mexico City, Distrito Federal, Mexico",12,2024,Fight Night,0.16666666666666666,0.8333333333333334,0.8333333333333334
UFC 298: Volkanovski vs. Topuria,2024-02-17,0,4,0,1,11,True,"Anaheim, California, USA",12,2024,Numbered,0.4583333333333333,0.0,0.0
UFC Fight Night: Hermansson vs. Pyfer,2024-02-10,0,0,0,0,2,False,"Las Vegas, Nevada, USA",14,2024,Fight Night,0.07142857142857142,0.0,0.0
UFC Fight Night: Dolidze vs. Imavov,2024-02-03,0,0,0,0,2,False,"Las Vegas, Nevada, USA",13,2024,Fight Night,0.07692307692307693,0.0,0.0
UFC 297: Strickland vs. Du Plessis,2024-01-20,2,2,1,2,5,True,"Toronto, Ontario, Canada",12,2024,Numbered,0.20833333333333334,1.6666666666666667,0.8333333333333334
UFC Fight Night: Ankalaev vs. Walker 2,2024-01-13,1,1,1,0,5,False,"Las Vegas, Nevada, USA",11,2024,Fight Night,0.22727272727272727,0.9090909090909091,0.9090909090909091
UFC 296: Edwards vs. Covington,2023-12-16,2,4,1,2,13,True,"Las Vegas, Nevada, USA",12,2023,Numbered,0.5416666666666666,1.6666666666666667,0.8333333333333334
UFC Fight Night: Song vs. Gutierrez,2023-12-09,1,1,1,0,3,False,"Las Vegas, Nevada, USA",11,2023,Fight Night,0.13636363636363635,0.9090909090909091,0.9090909090909091
UFC Fight Night: Dariush vs. Tsarukyan,2023-12-02,1,2,1,0,5,False,"Austin, Texas, USA",12,2023,Fight Night,0.20833333333333334,0.8333333333333334,0.8333333333333334
UFC Fight Night: Allen vs. Craig,2023-11-18,1,1,1,0,5,False,"Las Vegas, Nevada, USA",14,2023,Fight Night,0.17857142857142858,0.7142857142857143,0.7142857142857143
UFC 295: Prochazka vs. Pereira,2023-11-11,3,4,1,2,9,True,"New York City, New York, USA",13,2023,Numbered,0.34615384615384615,2.3076923076923075,0.7692307692307693
UFC Fight Night: Almeida vs. Lewis,2023-11-04,1,2,1,0,5,False,"Sao Paulo, Sao Paulo, Brazil",10,2023,Fight Night,0.25,1.0,1.0
UFC 294: Makhachev vs. Volkanovski 2,2023-10-21,2,2,2,1,8,True,"Abu Dhabi, Abu Dhabi, United Arab Emirates",13,2023,Numbered,0.3076923076923077,1.5384615384615385,1.5384615384615385
UFC Fight Night: Yusuff vs. Barboza,2023-10-14,0,0,0,0,5,False,"Las Vegas, Nevada, USA",11,2023,Fight Night,0.22727272727272727,0.0,0.0
UFC Fight Night: Dawson vs. Green,2023-10-07,1,1,1,0,2,False,"Las Vegas, Nevada, USA",10,2023,Fight Night,0.1,1.0,1.0
UFC Fight Night: Fiziev vs. Gamrot,2023-09-23,1,2,1,0,7,False,"Las Vegas, Nevada, USA",11,2023,Fight Night,0.3181818181818182,0.9090909090909091,0.9090909090909091
Noche UFC: Grasso vs. Shevchenko 2,2023-09-16,2,2,1,1,5,False,"Las Vegas, Nevada, USA",11,2023,Fight Night,0.22727272727272727,1.8181818181818181,0.9090909090909091
UFC 293: Adesanya vs. Strickland,2023-09-09,1,2,0,1,6,True,"Sydney, New South Wales, Australia",12,2023,Numbered,0.25,0.8333333333333334,0.0
UFC Fight Night: Gane vs. Spivac,2023-09-02,1,1,1,0,5,False,"Paris, Ile-de-France, France",11,2023,Fight Night,0.22727272727272727,0.9090909090909091,0.9090909090909091
UFC Fight Night: Holloway vs. The Korean Zombie,2023-08-26,2,2,2,0,7,False,"Kallang, Singapore",13,2023,Fight Night,0.2692307692307692,1.5384615384615385,1.5384615384615385
UFC 292: Sterling vs. O'Malley,2023-08-19,3,3,1,2,9,True,"Boston, Massachusetts, USA",12,2023,Numbered,0.375,2.5,0.8333333333333334
UFC Fight Night: Luque vs. Dos Anjos,2023-08-12,0,0,0,0,1,False,"Las Vegas, Nevada, USA",13,2023,Fight Night,0.038461538461538464,0.0,0.0
UFC Fight Night: Sandhagen vs. Font,2023-08-05,0,0,0,0,4,False,"Nashville, Tennessee, USA",12,2023,Fight Night,0.16666666666666666,0.0,0.0
UFC 291: Poirier vs. Gaethje 2,2023-07-29,1,1,1,0,6,True,"Salt Lake City, Utah, USA",11,2023,Numbered,0.2727272727272727,0.9090909090909091,0.9090909090909091
UFC Fight Night: Aspinall vs. Tybura,2023-07-22,0,2,0,0,6,False,"London, England, United Kingdom",15,2023,Fight Night,0.2,0.0,0.0
UFC Fight Night: Holm vs. Bueno Silva,2023-07-15,0,1,0,0,3,False,"Las Vegas, Nevada, USA",13,2023,Fight Night,0.11538461538461539,0.0,0.0
UFC 290: Volkanovski vs. Rodriguez,2023-07-08,2,2,1,2,8,True,"Las Vegas, Nevada, USA",13,2023,Numbered,0.3076923076923077,1.5384615384615385,0.7692307692307693
UFC Fight Night: Strickland vs. Magomedov,2023-07-01,0,0,0,0,4,False,"Las Vegas, Nevada, USA",12,2023,Fight Night,0.16666666666666666,0.0,0.0
UFC Fight Night: Emmett vs. Topuria,2023-06-24,1,1,1,0,5,False,"Jacksonville, Florida, USA",13,2023,Fight Night,0.19230769230769232,0.7692307692307693,0.7692307692307693
UFC Fight Night: Vettori vs. Cannonier,2023-06-17,1,1,1,0,3,False,"Las Vegas, Nevada, USA",12,2023,Fight Night,0.125,0.8333333333333334,0.8333333333333334
UFC 289: Nunes vs. Aldana,2023-06-10,1,1,1,1,5,True,"Vancouver, British Columbia, Canada",11,2023,Numbered,0.22727272727272727,0.9090909090909091,0.9090909090909091
UFC Fight Night: Kara-France vs. Albazi,2023-06-03,1,1,1,0,4,False,"Las Vegas, Nevada, USA",13,2023,Fight Night,0.15384615384615385,0.7692307692307693,0.7692307692307693
UFC Fight Night: Dern vs. Hill,2023-05-20,0,1,0,0,5,False,"Las Vegas, Nevada, USA",12,2023,Fight Night,0.20833333333333334,0.0,0.0
UFC Fight Night: Rozenstruik vs. Almeida,2023-05-13,1,2,1,0,6,False,"Charlotte, North Carolina, USA",11,2023,Fight Night,0.2727272727272727,0.9090909090909091,0.9090909090909091
UFC 288: Sterling vs. Cejudo,2023-05-06,1,2,1,1,10,True,"Newark, New Jersey, USA",12,2023,Numbered,0.4166666666666667,0.8333333333333334,0.8333333333333334
UFC Fight Night: Song vs. Simon,2023-04-29,1,1,1,0,3,False,"Las Vegas, Nevada, USA",11,2023,Fight Night,0.13636363636363635,0.9090909090909091,0.9090909090909091
UFC Fight Night: Pavlovich vs. Blaydes,2023-04-22,1,2,1,0,6,False,"Las Vegas, Nevada, USA",11,2023,Fight Night,0.2727272727272727,0.9090909090909091,0.9090909090909091
UFC Fight Night: Holloway vs. Allen,2023-04-15,1,2,1,0,8,False,"Kansas City, Missouri, USA",14,2023,Fight Night,0.2857142857142857,0.7142857142857143,0.7142857142857143
UFC 287: Pereira vs. Adesanya 2,2023-04-08,2,3,1,1,7,True,"Miami, Florida, USA",12,2023,Numbered,0.2916666666666667,1.6666666666666667,0.8333333333333334
UFC Fight Night: Vera vs. Sandhagen,2023-03-25,1,2,1,0,5,False,"San Antonio, Texas, USA",10,2023,Fight Night,0.25,1.0,1.0
UFC 286: Edwards vs. Usman 3,2023-03-18,1,2,1,1,8,True,"London, England, United Kingdom",15,2023,Numbered,0.26666666666666666,0.6666666666666666,0.6666666666666666
UFC Fight Night: Yan vs. Dvalishvili,2023-03-11,2,2,2,0,5,False,"Las Vegas, Nevada, USA",13,2023,Fight Night,0.19230769230769232,1.5384615384615385,1.5384615384615385
UFC 285: Jones vs. Gane,2023-03-04,3,4,3,2,10,True,"Las Vegas, Nevada, USA",14,2023,Numbered,0.35714285714285715,2.142857142857143,2.142857142857143
UFC Fight Night: Muniz vs. Allen,2023-02-25,0,0,0,0,1,False,"Las Vegas, Nevada, USA",10,2023,Fight Night,0.05,0.0,0.0
UFC Fight Night: Andrade vs. Blanchfield,2023-02-18,1,1,1,0,3,False,"Las Vegas, Nevada, USA",11,2023,Fight Night,0.13636363636363635,0.9090909090909091,0.9090909090909091
UFC 284: Makhachev vs. Volkanovski,2023-02-11,0,1,0,2,4,True,"Perth, Western Australia, Australia",13,2023,Numbered,0.15384615384615385,0.0,0.0
UFC Fight Night: Lewis vs. Spivac,2023-02-04,0,1,0,4,4,False,"Las Vegas, Nevada, USA",11,2023,Fight Night,0.18181818181818182,0.0,0.0
UFC 283: Teixeira vs. Hill,2023-01-21,2,3,0,2,10,True,"Rio de Janeiro, Rio de Janeiro, Brazil",15,2023,Numbered,0.3333333333333333,1.3333333333333333,0.0
UFC Fight Night: Strickland vs. Imavov,2023-01-14,1,1,1,0,4,False,"Las Vegas, Nevada, USA",11,2023,Fight Night,0.18181818181818182,0.9090909090909091,0.9090909090909091
UFC Fight Night: Cannonier vs. Strickland,2022-12-17,0,1,0,0,8,False,"Las Vegas, Nevada, USA",13,2022,Fight Night,0.3076923076923077,0.0,0.0
UFC 282: Blachowicz vs. Ankalaev,2022-12-10,1,2,0,1,7,True,"Las Vegas, Nevada, USA",12,2022,Numbered,0.2916666666666667,0.8333333333333334,0.0
UFC Fight Night: Thompson vs. Holland,2022-12-03,2,2,2,0,8,False,"Orlando, Florida, USA",14,2022,Fight Night,0.2857142857142857,1.4285714285714286,1.4285714285714286
UFC Fight Night: Nzechukwu vs. Cutelaba,2022-11-19,0,0,0,0,2,False,"Las Vegas, Nevada, USA",11,2022,Fight Night,0.09090909090909091,0.0,0.0
UFC 281: Adesanya vs. Pereira,2022-11-12,3,4,1,2,11,True,"New York City, New York, USA",14,2022,Numbered,0.39285714285714285,2.142857142857143,0.7142857142857143
UFC Fight Night: Rodriguez vs. Lemos,2022-11-05,1,1,1,0,5,False,"Las Vegas, Nevada, USA",11,2022,Fight Night,0.22727272727272727,0.9090909090909091,0.9090909090909091
UFC Fight Night: Kattar vs. Allen,2022-10-29,1,2,1,0,7,False,"Las Vegas, Nevada, USA",11,2022,Fight Night,0.3181818181818182,0.9090909090909091,0.9090909090909091
UFC 280: Oliveira vs. Makhachev,2022-10-22,5,6,5,2,15,True,"Abu Dhabi, Abu Dhabi, United Arab Emirates",12,2022,Numbered,0.625,4.166666666666667,4.166666666666667
UFC Fight Night: Grasso vs. Araujo,2022-10-15,0,0,0,0,2,False,"Las Vegas, Nevada, USA",11,2022,Fight Night,0.09090909090909091,0.0,0.0
UFC Fight Night: Dern vs. Yan,2022-10-01,1,1,1,0,5,False,"Las Vegas, Nevada, USA",11,2022,Fight Night,0.22727272727272727,0.9090909090909091,0.9090909090909091
UFC Fight Night: Sandhagen vs. Song,2022-09-17,1,1,1,0,3,False,"Las Vegas, Nevada, USA",13,2022,Fight Night,0.11538461538461539,0.7692307692307693,0.7692307692307693
UFC 279: Diaz vs. Ferguson,2022-09-10,0,1,0,0,3,True,"Las Vegas, Nevada, USA",13,2022,Numbered,0.11538461538461539,0.0,0.0
UFC Fight Night: Gane vs. Tuivasa,2022-09-03,1,1,1,0,4,False,"Paris, Ile-de-France, France",12,2022,Fight Night,0.16666666666666666,0.8333333333333334,0.8333333333333334
UFC 278: Usman vs. Edwards,2022-08-20,1,1,1,1,4,True,"Salt Lake City, Utah, USA",12,2022,Numbered,0.16666666666666666,0.8333333333333334,0.8333333333333334
UFC Fight Night: Vera vs. Cruz,2022-08-13,0,0,0,0,2,False,"San Diego, California, USA",13,2022,Fight Night,0.07692307692307693,0.0,0.0
UFC Fight Night: Santos vs. Hill,2022-08-06,0,1,0,0,4,False,"Las Vegas, Nevada, USA",10,2022,Fight Night,0.2,0.0,0.0
UFC 277: Pena vs. Nunes 2,2022-07-30,3,4,1,2,9,True,"Dallas, Texas, USA",13,2022,Numbered,0.34615384615384615,2.3076923076923075,0.7692307692307693
UFC Fight Night: Blaydes vs. Aspinall,2022-07-23,1,2,1,0,7,False,"London, England, United Kingdom",14,2022,Fight Night,0.25,0.7142857142857143,0.7142857142857143
UFC Fight Night: Ortega vs. Rodriguez,2022-07-16,0,1,0,0,6,False,"Elmont, New York, USA",12,2022,Fight Night,0.25,0.0,0.0
UFC Fight Night: Dos Anjos vs. Fiziev,2022-07-09,0,0,0,0,2,False,"Las Vegas, Nevada, USA",11,2022,Fight Night,0.09090909090909091,0.0,0.0
UFC 276: Adesanya vs. Cannonier,2022-07-02,2,2,0,2,11,True,"Las Vegas, Nevada, USA",12,2022,Numbered,0.4583333333333333,1.6666666666666667,0.0
UFC Fight Night: Tsarukyan vs. Gamrot,2022-06-25,1,1,1,0,3,False,"Las Vegas, Nevada, USA",12,2022,Fight Night,0.125,0.8333333333333334,0.8333333333333334
UFC Fight Night: Kattar vs. Emmett,2022-06-18,1,1,1,0,3,False,"Austin, Texas, USA",13,2022,Fight Night,0.11538461538461539,0.7692307692307693,0.7692307692307693
UFC 275: Teixeira vs. Prochazka,2022-06-11,1,2,0,2,5,True,"Kallang, Singapore",11,2022,Numbered,0.22727272727272727,0.9090909090909091,0.0
UFC Fight Night: Volkov vs. Rozenstruik,2022-06-04,2,2,2,0,6,False,"Las Vegas, Nevada, USA",14,2022,Fight Night,0.21428571428571427,1.4285714285714286,1.4285714285714286
UFC Fight Night: Holm vs. Vieira,2022-05-21,0,0,0,0,2,False,"Las Vegas, Nevada, USA",11,2022,Fight Night,0.09090909090909091,0.0,0.0
UFC Fight Night: Blachowicz vs. Rakic,2022-05-14,1,2,1,0,7,False,"Las Vegas, Nevada, USA",11,2022,Fight Night,0.3181818181818182,0.9090909090909091,0.9090909090909091
UFC 274: Oliveira vs. Gaethje,2022-05-07,2,4,1,1,11,True,"Phoenix, Arizona, USA",14,2022,Numbered,0.39285714285714285,1.4285714285714286,0.7142857142857143
UFC Fight Night: Font vs. Vera,2022-04-30,0,1,0,0,4,False,"Las Vegas, Nevada, USA",11,2022,Fight Night,0.18181818181818182,0.0,0.0
UFC Fight Night: Lemos vs. Andrade,2022-04-23,0,0,0,0,2,False,"Las Vegas, Nevada, USA",11,2022,Fight Night,0.09090909090909091,0.0,0.0
UFC Fight Night: Luque vs. Muhammad,2022-04-16,1,1,1,0,3,False,"Las Vegas, Nevada, USA",14,2022,Fight Night,0.10714285714285714,0.7142857142857143,0.7142857142857143
UFC 273: Volkanovski vs. The Korean Zombie,2022-04-09,4,4,2,2,8,True,"Jacksonville, Florida, USA",12,2022,Numbered,0.3333333333333333,3.3333333333333335,1.6666666666666667
UFC Fight Night: Blaydes vs. Daukaus,2022-03-26,3,5,3,0,13,False,"Columbus, Ohio, USA",12,2022,Fight Night,0.5416666666666666,2.5,2.5
UFC Fight Night: Volkov vs. Aspinall,2022-03-19,1,2,1,0,6,False,"London, England, United Kingdom",12,2022,Fight Night,0.25,0.8333333333333334,0.8333333333333334
UFC Fight Night: Santos vs. Ankalaev,2022-03-12,1,1,1,0,5,False,"Las Vegas, Nevada, USA",14,2022,Fight Night,0.17857142857142858,0.7142857142857143,0.7142857142857143
UFC 272: Covington vs. Masvidal,2022-03-05,2,2,2,0,7,True,"Las Vegas, Nevada, USA",13,2022,Numbered,0.2692307692307692,1.5384615384615385,1.5384615384615385
UFC Fight Night: Makhachev vs. Green,2022-02-26,0,0,0,0,1,False,"Las Vegas, Nevada, USA",11,2022,Fight Night,0.045454545454545456,0.0,0.0
UFC Fight Night: Walker vs. Hill,2022-02-19,0,1,0,0,3,False,"Las Vegas, Nevada, USA",12,2022,Fight Night,0.125,0.0,0.0
UFC 271: Adesanya vs. Whittaker 2,2022-02-12,3,3,2,1,8,True,"Houston, Texas, USA",14,2022,Numbered,0.2857142857142857,2.142857142857143,1.4285714285714286
UFC Fight Night: Hermansson vs. Strickland,2022-02-05,1,1,1,0,3,False,"Las Vegas, Nevada, USA",13,2022,Fight Night,0.11538461538461539,0.7692307692307693,0.7692307692307693
UFC 270: Ngannou vs. Gane,2022-01-22,2,2,0,2,6,True,"Anaheim, California, USA",11,2022,Numbered,0.2727272727272727,1.8181818181818181,0.0
UFC Fight Night: Kattar vs. Chikadze,2022-01-15,0,1,0,0,3,False,"Las Vegas, Nevada, USA",10,2022,Fight Night,0.15,0.0,0.0
