year,card_type,events,bouts_per_card,top10_bouts_per_card,nontitle_top10_bouts_per_card,top15_bouts_per_card,top10_per_10_bouts,nontitle_top10_per_10_bouts,share_cards_zero_top10,share_cards_zero_nontitle_top10,share_cards_zero_top15,ranked_share_of_slots
2022,Fight Night,29,12.0,0.69,0.69,1.103,0.55,0.55,0.448,0.448,0.241,0.184
2022,Numbered,13,12.538,2.231,1.154,2.846,1.779,0.91,0.077,0.385,0.0,0.321
2023,Fight Night,29,11.793,0.793,0.759,1.207,0.683,0.651,0.31,0.31,0.172,0.189
2023,Numbered,14,12.714,1.714,1.0,2.429,1.346,0.788,0.071,0.214,0.0,0.318
2024,Fight Night,28,12.179,0.571,0.571,1.179,0.468,0.468,0.607,0.607,0.214,0.19
2024,Numbered,14,12.571,2.071,1.357,3.0,1.628,1.04,0.214,0.357,0.0,0.37
2025,Fight Night,30,11.9,0.733,0.733,1.267,0.601,0.601,0.433,0.433,0.267,0.178
2025,Numbered,13,12.692,2.769,1.538,3.385,2.196,1.218,0.077,0.308,0.0,0.38
2026,Fight Night,25,12.64,0.84,0.8,1.52,0.734,0.677,0.4,0.4,0.08,0.218
2026,Numbered,9,12.556,2.111,1.111,2.667,1.718,0.91,0.0,0.333,0.0,0.32
