year,n,tune_bouts,evals,tune_log_loss,v10_log_loss,v10_accuracy,v11_elo_log_loss,v11_recal_log_loss,v11_lr_log_loss,v11_lr_accuracy,param_k,param_k_new_mult,param_n_new,param_finish_mult,param_split_mult,param_layoff_regress_per_year,param_mov_weight,param_mov_scale,param_win_floor,param_finish_floor,param_corner_adv,param_mov_damp
2016,483,1962,109,0.6466,0.6604,0.6087,0.668,0.6673,0.657,0.6335,130,1.5,5,1.0,0.6,0.0,1.0,1.5,0.0,0.6,50.0,
2017,446,2445,102,0.6507,0.6624,0.5919,0.6638,0.6648,0.6443,0.6256,130,1.5,3,1.0,0.8,0.0,1.0,1.5,0.0,0.6,50.0,0.002
2018,469,2891,69,0.6526,0.6646,0.5991,0.6716,0.6708,0.6595,0.5778,130,1.5,3,1.0,0.6,0.0,1.0,1.5,0.0,0.6,50.0,0.001
2019,506,3360,69,0.655,0.6817,0.5455,0.6834,0.6815,0.6742,0.5949,130,1.5,3,1.0,0.6,0.0,1.0,1.5,0.0,0.6,35.0,0.0005
2020,444,3866,102,0.6584,0.6679,0.6104,0.6603,0.6571,0.6455,0.6239,130,1.5,3,1.0,0.6,0.15,1.0,1.5,0.0,0.6,35.0,0.0
2021,497,4310,67,0.6585,0.672,0.6097,0.668,0.6671,0.6573,0.6177,130,1.5,3,1.0,0.8,0.15,1.0,1.5,0.0,0.6,35.0,0.0
2022,506,4807,67,0.6593,0.6642,0.6008,0.6617,0.6598,0.6431,0.6285,130,1.5,3,1.0,0.8,0.4,1.0,1.5,0.0,0.6,35.0,0.0
2023,504,5313,101,0.6592,0.6708,0.5833,0.6703,0.6696,0.6441,0.6369,130,1.5,5,1.0,0.8,0.4,1.0,2.0,0.0,0.6,35.0,0.0005
2024,513,5817,103,0.6601,0.6583,0.6023,0.6552,0.6587,0.6433,0.6062,130,1.5,5,1.0,0.8,0.25,0.9,2.0,0.0,0.6,35.0,0.0
2025,515,6330,68,0.6595,0.6517,0.6252,0.6464,0.6484,0.6183,0.6621,130,1.5,5,1.0,0.6,0.4,0.9,2.0,0.0,0.6,35.0,0.0
2026,425,6845,34,0.6585,0.6577,0.6071,0.6563,0.6571,0.6264,0.6424,130,1.5,5,1.0,0.6,0.4,0.9,2.0,0.0,0.6,35.0,0.0
